new_price,desc,address,chambres,salles de bains,surface,ascenseur,floor,terrasse,parking,Type,City,Nighberd
1000000,"Appartement traversant de 98 m² au cœur du Belvédère - Casablanca

Situé dans l'un des quartiers les plus prisés de Casablanca, à proximité immédiate des grandes artères, du tramway, des espaces culturels, des grandes écoles, ainsi que de la gare et du port de la ville, cet appartement traversant vous offre un cadre de vie idéal. 

L'appartement se trouve au 5ème étage d'un immeuble de 6 étages avec ascenseur et offre une belle luminosité et une absence totale de vis-à-vis.

Caractéristiques de l'appartement :

- Superficie : 98 m²
- Deux appartements par palier
- Ascenseur pour un confort optimal

- Hall d'entrée spacieux
- Grand salon avec accès à un balcon de 5 m²
- 2 chambres avec placards, l’une orientée à l’est et l’autre à l’ouest
- Cuisine indépendante spacieuse
- Salle d’eau
- Salle de bain

Les frais de syndic mensuels sont de 250 MAD .

Ne manquez pas cette opportunité d'acquérir un bien dans un quartier dynamique et recherché de Casablanca. Contactez-nous dès maintenant pour plus d’informations ou pour organiser une visite.",Appartement à vendre   Casablanca  - Belvédère,2,1,98,1,5,1,0,Appartement,Casablanca,Belvédère
1750000,"Bureau à vendre de 173 m² à Casablanca – Votre futur espace professionnel idéal !

Vous recherchez un bureau spacieux, lumineux et bien situé à Casablanca ? Ne cherchez plus ! Cet espace de 173 m², réparti sur 7 étages, est une opportunité en or pour installer votre activité dans un quartier dynamique.

Ce bureau comprend :

- 4 grandes pièces lumineuses et ensoleillées, idéales pour vos bureaux ou espaces de travail collaboratifs
- 2 salles de bains pour plus de confort au quotidien
- Un hall d’entrée accueillant
- Une terrasse ensoleillée pour vos moments de détente ou vos pauses en extérieur
- Orientation Est, garantissant une luminosité naturelle tout au long de la journée
- Ascenseur pour un accès rapide et pratique à tous les niveaux

Autres atouts :

- Frais de syndic : Seulement 200 MAD par mois
- État : Correct, bien entretenu malgré plus de 20 ans d’existence

Ce bureau est la combinaison parfaite d’un environnement de travail professionnel et d’un cadre agréable, offrant une réelle plus-value pour vos projets. Idéal pour un usage professionnel ou même pour mixer résidentiel et bureau.

N’attendez plus, contactez-nous pour découvrir ce bien exceptionnel et exploitez son potentiel sans tarder !",Bureau à vendre   Casablanca  - Autre,1,2,173,1,7,1,0,Bureau,Casablanca,Autre
2600000,"Découvrez votre futur chez-vous à Mandarona, Casablanca !

En plein cœur de ce quartier vibrant, cet appartement spacieux de 150 m², niché au 3ème étage d'une résidence sécurisée, est une véritable perle rare. 

Dès que vous franchissez la porte, vous serez accueilli par une ambiance lumineuse et résolument moderne.

Idéal pour les familles en quête de confort et de style, cet appartement vous charmera avec son orientation Est, vous offrant ainsi une baignade quotidienne dans la lumière du soleil. 

Voici ce que vous trouverez à l’intérieur :

    - Un double séjour spacieux pour vos moments conviviaux
    - Une suite parentale avec salle de bain pour une touche de luxe
    - Deux chambres confortables pour toute la famille
    - Une salle de bain supplémentaire pour plus de commodité
    - Une cuisine équipée pour préparer vos repas avec facilité
   - Une place de parking titrée pour votre véhicule


La résidence dispose également d'un ascenseur et les frais de syndic mensuels sont de 400 MAD.


Ne manquez pas l'occasion de visiter ce bien d'exception. Contactez-nous dès maintenant pour organiser une visite et découvrir votre futur havre de paix.",Appartement à vendre   Casablanca  - Californie,3,2,150,1,3,1,1,Appartement,Casablanca,Californie
2290000,"À vendre – Appartement lumineux de 130 m² entièrement rénové – Quartier des Hôpitaux, Casablanca

Situé au cœur du quartier résidentiel des Hôpitaux à Casablanca, cet appartement spacieux de 130 m², entièrement refait à neuf, offre un cadre de vie confortable et moderne. 

Il se trouve au 3e étage d’un immeuble de 5 niveaux avec ascenseur, bien entretenu et au calme. Son orientation ouest et sa double façade lui assurent une belle luminosité tout au long de la journée.

Caractéristiques principales :  

- Double salon lumineux, idéal pour les réceptions  
- Deux chambres avec accès à un balcon  
- Cuisine indépendante et spacieuse avec buanderie attenante  
- Une salle de bain et une salle d’eau  
- Possibilité d’aménager une troisième chambre selon vos besoins  
- Une place de parking attitrée  

- Charges de syndic mensuelles : 200 MAD

Les plus :  

L’appartement est situé dans un environnement calme et familial, à proximité immédiate des écoles, des commerces, et des établissements de santé. 

Une visite s’impose. N’hésitez pas à nous contacter pour plus d’informations ou pour organiser une visite.",Appartement à vendre   Casablanca  - Les Hôpitaux,2,1,130,1,3,0,0,Appartement,Casablanca,Les Hôpitaux
1460000,"Bienvenue dans ce charmant appartement situé dans le quartier hamria VN  à Meknès. 


Cet appartement de 163 mètres carrés se trouve au 2ème étage d'un immeuble de 6 étages avec un ascenseur. 

L'orientation Nord-Est apporte une luminosité agréable tout au long de la journée. La résidence fermée offre un environnement sécurisé, tandis que le balcon vous permet de profiter de l'air frais. 


Il se compose de : 

- Un double séjour 
- Une salle d'eau 
- Une suite parentale avec Salle de bain 
- 2 chambres à coucher 
- Une salle de bain 
- Une cuisine équipée 
- Une place de parking attribuée

Les frais de syndic mensuels s'élèvent à 300 MAD. 


Si vous êtes à la recherche d'un appartement spacieux dans un quartier prisé de Meknès, n'hésitez pas à nous contacter pour organiser une visite.",Appartement à vendre   Meknès  - Hamria,3,2,163,1,2,0,0,Appartement,Meknès,Hamria
3900000,"Bienvenue à Casablanca, dans le quartier recherché de Mandarona. 

Nous vous proposons un magnifique appartement en vente sans vis à vis , situé au dernier étage d'un immeuble de 3 étages. 

L'appartement bénéficie d'une belle surface de 313 m², offrant tout le confort nécessaire pour votre famille et vos besoins. 

L'orientation est idéale à l'est, pour profiter d'une belle luminosité tout au long de la journée. 

Il se compose de : 

- Un double séjour 
- Une salle d'eau 
- Une suite parentale avec dressing et salle de bain 
- 3 chambres à coucher 
-  2 salles de bain 
- Une cuisine équipée 
- Une terrasse de 88m2
- 2 places de parking titrée 

Les frais de syndic mensuels s'élèvent à 800 MAD. 

Ne manquez pas cette opportunité, contactez-nous dès maintenant pour organiser une visite !",Appartement à vendre   Casablanca  - Mandarona,4,3,313,1,3,1,1,Appartement,Casablanca,Mandarona
4000000,"Bienvenue à Fès, sur route de Immouzer, où vous découvrirez cette spacieuse villa de 568 m², idéale pour une grande famille. 

Nichée dans une résidence sécurisée, cette propriété offre confort et tranquillité.

Située dans la région de Fès-Meknès, cette villa combine sérénité et proximité avec les commodités urbaines. 

Caractéristiques : 
         
           Sous-sol :

    - Double séjour 
    - 2 chambres à coucher
    - Une salle de bain
    - Cuisine 
    - Une espace de jeu
    - Une belle terrasse 

          Rez-de-chaussée :

    - Triple séjour lumineux
    - Cuisine fonctionnelle
    - Salle d'eau 

          À l'Étage :

     - 5 chambres à coucher avec balcon
     - 2 salles de bains 
     - Une salle d'eau


À l'extérieur, vous bénéficiez d'un garage pour deux voitures, assurant praticité et sécurité pour votre véhicule.

Ne manquez pas cette opportunité exceptionnelle d'acquérir une propriété de qualité dans un emplacement de premier choix. 

Contactez-nous dès maintenant pour organiser une visite et envisager votre prochaine résidence à Fès.",Villa à vendre   Fès  - Route Immouzer,5,3,720,0,3,0,0,Villa,Fès,Route Immouzer
1600000,"Nous vous présentons ce spacieux appartement au sein de Beauséjour à Casablanca.

Avec une surface de 123 m², ce bien immobilier saura séduire les familles à la recherche d'un lieu de vie chaleureux et fonctionnel.

L'appartement est situé au 4ème étage d'un immeuble de 5 étages avec un ascenseur, offrant ainsi une belle luminosité au quotidien.

L'orientation nord-ouest permet de profiter d'une vue dégagée et ensoleillée.

La composition de ce bien est comm suit :

- Un séjour lumineux
- Trois chambres à coucher
- Deux salles de bain
- Une cuisine fonctionnelle
- Une place de parking attribuée

Les frais de syndic mensuels s'élèvent à 300 MAD.

Malgré quelques travaux à prévoir, cet appartement présente un fort potentiel pour être aménagé selon les goûts de ses futurs occupants.

Ne manquez pas l'opportunité de découvrir ce bien immobilier d'exception à Casablanca.

Contactez-nous dès maintenant pour organiser une visite !",Appartement à vendre   Casablanca  - Ghandi,3,2,123,1,4,0,0,Appartement,Casablanca,Ghandi
1140000,"Superbe appartement à vendre à Casablanca - Quartier Belvédère

Découvrez ce charmant appartement situé dans l’un des quartiers les plus recherchés de Casablanca, le Belvédère. 

Implanté au 3e étage d'un immeuble de 7 étages, cet appartement de 107 m² vous offre un cadre de vie agréable et pratique, alliant confort et modernité. 

L'orientation Nord-Est garantit une belle luminosité naturelle tout au long de la journée. 

La résidence fermée, avec ascenseur et un espace de stationnement privé, assure une sécurité optimale et une tranquillité appréciable. 

   Caractéristiques principales :

- Superficie : 107 m²

- Double salon orienté Nord-Est
- 2 chambres à coucher , dont 1 avec balcon et placards
- Une salle d’eau 
- Une salle de bain refaite à neuf
- Cuisine spacieuse avec un coin séjour
- Une place de parking attribuée
- Balcon
- Ascenseur
- Résidence sécurisée

   Informations supplémentaires :

- Frais de syndic : 300 MAD par mois
- Possibilité de vente meublée
- Localisation idéale entre le boulevard Tachfine et Oulad Ziane

N'attendez plus pour visiter ce bien rare et profiter d'une qualité de vie exceptionnelle à Casablanca. Contactez-nous pour organiser une visite !",Appartement à vendre   Casablanca  - Belvédère,2,1,107,1,3,0,0,Appartement,Casablanca,Belvédère
1330000,"( PHOTOS DE L'APPARTEMENT TÉMOIN )

Vivez le luxe au cœur de Casablanca - Quartier Les Princesses

Découvrez un cadre de vie exceptionnel dans le quartier prisé des Princesses, à Casablanca, avec des studios modernes de 32 à 62 m², idéaux pour les jeunes professionnels, investisseurs ou ceux qui souhaitent acquérir leur premier bien.

Des prestations raffinées :

- Finitions de haute qualité : marbre importé, cuisine moderne et entièrement équipée, système de climatisation gainable.
- Services haut de gamme : conciergerie disponible 24h/24, laverie, box d’hiver, prestations inspirées de l’hôtellerie de luxe.

Opportunités commerciales :

Des locaux commerciaux de 63 à 122 m², parfaits pour les entrepreneurs et investisseurs à la recherche d’une excellente visibilité dans un environnement dynamique.

Emplacement privilégié :

- Idéalement situé, avec une proximité immédiate des commerces, transports en commun et toutes les commodités nécessaires pour un quotidien agréable et pratique.
- Un investissement rentable dans une résidence sécurisée et éco-conçue, offrant un cadre de vie moderne et un excellent retour sur investissement.",Studio à vendre   Casablanca  - Les princesses,1,1,46,1,4,1,0,Studio,Casablanca,Les princesses
6800000,"Bienvenue à cette magnifique villa à vendre située dans le quartier prestigieux d'Al Qods à Mohammadia. 

Cette propriété spacieuse idéale pour une grande famille ou pour accueillir des invités avec un jardin qui dispose d'un garage pour 3 voitures , cette villa dispose également d'un puit. 

Malgré son ancienneté de plus de 20 ans, cette villa possède un potentiel incroyable avec des travaux à prévoir pour la remettre à neuf. 

Cette villa offre un accès facile et pratique. Le quartier d'Al Qods est réputé pour sa tranquillité et sa sécurité, offrant un cadre de vie idéal pour les familles. 

Caractéristiques : 

          Sous sol : 

      - Un séjour spacieux 
      - 3 chambres à coucher 
      - Une cuisine 
      - Une salle de bain 

        Rez de chaussée : 

      - Un Hall d'entrée
      - Triple séjour
      - Une chambre à coucher 
      - 2 salles de bains 
      - Une terrasse spacieuse 
      - Une cuisine 

        À l'Étage : 

     - Une suite parentale avec salle de bain 
     - 4 chambres à coucher 
     - Une salle de bain 
     - Un espace bureau 
     - Une terrasse spacieuse 

Cette propriété est un excellent investissement dans la région dynamique de Grand Casablanca-Settat. 

Ne manquez pas cette opportunité unique d'acquérir une villa spacieuse à Mohammadia. Contactez-nous dès aujourd'hui pour organiser une visite ou pour obtenir plus d'informations sur ce bien exceptionnel.",Villa à vendre   Mohammadia  - Al Qods,10,4,500,0,3,0,0,Villa,Mohammadia,Al Qods
950000,"Studio neuf géré à vendre de 35m² CIL Casablanca
Situé dans un quartier très recherché à Casablanca a proximité de toutes les commodités. Un studio bien agencé style boutique hotel dans un immeuble très bien administré.
Studio bien localisé, meublé et loué idéal pour un investissement locatif clef en main avec loyers garantis. Pour organiser une visite ou obtenir plus d'informations, n'hésitez pas à nous contacter.
*Place de parking non incluse",Studio à vendre   Casablanca  - CIL,1,1,35,1,3,0,0,Studio,Casablanca,CIL
880000,"( PHOTOS DE L'APPARTEMENT TÉMOIN)

Des Studios Haut Standing au Cœur de Casablanca - Les Princesses

Offrez-vous un cadre de vie unique dans le quartier prisé des Princesses à Casablanca, où élégance, confort et modernité s’unissent pour créer l’habitat idéal.

Studios de 32 à 62 m², spécialement conçus pour les jeunes actifs, les investisseurs ou ceux en quête de leur première acquisition dans un secteur recherché.

Des finitions haut de gamme :

- Marbre importé, cuisine allemande entièrement équipée, climatisation gainable pour un confort optimal.
- Services exclusifs : conciergerie disponible 24h/24, laverie, box d’hiver et prestations hôtelières.

Locaux commerciaux à découvrir :

- De 63 à 122 m², parfaits pour entrepreneurs et investisseurs à la recherche de visibilité et d’accessibilité.

Emplacement de choix :

- Idéalement situé à proximité des commerces, transports et services, dans une résidence sécurisée et éco-conçue.
- Un investissement rentable et une qualité de vie assurée, au cœur d’un quartier dynamique et recherché.

Contactez nous pour plus d'informations ou pour organiser une visite.",Studio à vendre   Casablanca  - Les princesses,1,1,32,1,3,0,0,Studio,Casablanca,Les princesses
3400000,"Real Estate Mar Gold votre meilleur destination immobilier à le plaisir de partager avec ces chers clients cette Superbes villa à vendre. Prix 3 400 000 DH. 
4 chambre 3 salles de bains, surface 260 m². 6 pièces lumineuses. Moins d’un an. Revêtement: Marbre. Nombreux équipements : cheminée, climatisation et piscine privée . La résidence dispose également d’un service de conciergerie.

Venez découvrir sans hésiter cette villa à chrifia Route Amizmiz. Bénéficiez du calme absolu avec fenêtres en double vitrage. Porte blindée et chauffage central. Équipé d’une parabole. La résidence est sécurisée.

Contactez-nous si vous êtes intéressé par cette villa à Marrakech. Les extérieurs se composent d’un jardin et d’une terrasse. Confortable salon européen. Cuisine entièrement équipée.￼",Villa à vendre   Marrakech  - Autre,4,3,300,0,3,0,0,Villa,Marrakech,Autre
1790000,"Domaine de Darb – Résidence Sécurisée à Dar Bouazza

Le Domaine de Darb est une résidence fermée, sécurisée et moderne située à Dar Bouazza, à seulement quelques minutes du Morocco Mall et à proximité de la plage. Offrant un cadre de vie paisible et verdoyant, ce projet est idéal pour les familles en quête de confort et de tranquillité. Livraison immédiate, avec des appartements restants à partir de 1.790.000 DH.

Caractéristiques des appartements :

- Surfaces restantes de 129 m² à 206 m²
- 2 à 3 chambres avec des espaces bien agencés
- Immeubles R+2 avec ascenseur et accès direct au parking souterrain
- Finitions haut de gamme et matériaux de qualité
- Résidence sécurisée avec contrôle d’accès

Des équipements pour le confort de toute la famille :

- Aire de jeux sécurisée pour les enfants
- Terrain multisports pour diverses activités
- Piscine élégante pour des moments de détente
- Espaces verts aménagés pour se relaxer

Emplacement privilégié à Dar Bouazza :

- À 600 mètres de la plage
- À 8 minutes du Morocco Mall
- En face de l'Aquaparc et à proximité du golf 18 trous de Dar Bouazza
- Proximité des écoles, crèches, commerces, et restaurants
- Accès facile aux transports publics et principaux axes routiers

Le Domaine de Darb est un excellent investissement dans une zone en pleine expansion.

Contactez-nous dès maintenant pour plus d’informations ou pour organiser une visite.",Appartement à vendre   Dar Bouazza  - Dar Bouazza,2,2,129,1,1,1,1,Appartement,Dar Bouazza,Dar Bouazza
1167250,"Résidence Bellevue – Les Dernières Opportunités à Saisir

La Résidence Bellevue vous propose des studios modernes de qualité, situés dans un immeuble R+5. Chaque logement bénéficie de finitions soignées et d'équipements haut de gamme.

- Superficie : de 36m² à 74m²
- Composée de : 1 chambre avec dressing, salon, salle de bain, terrasse
- Finitions : marbre dans le salon, parquet dans les chambres, portes en chêne massif
- Confort : climatisation centrale, double vitrage, cuisine américaine équipée
- Caractéristiques exclusives : sans vis-à-vis, rooftop de 213 m², parkings souterrains, ascenseur, sécurité renforcée

Emplacement idéal. Livraison prévue en avril 2025.

Ne laissez pas passer cette chance. Contactez-nous pour en savoir plus ou organiser une visite !",Studio à vendre   Casablanca  - 2 Mars,1,1,54,1,2,1,1,Studio,Casablanca,2 Mars
1610000,"Terrafino by One Foncière - Résidence Prestige à Casablanca

Découvrez cet appartement moderne situé au 3ème étage de la résidence Terrafino, idéalement situé dans le quartier prisé de l'Oasis. Avec une superficie de 61 m², cet appartement offre une terrasse de 8 m² et un parking de 12 m², pour une surface vendable totale de 71 m².

L’appartement se compose de :

- Un séjour spacieux donnant sur le balcon

- Une suite parentale avec salle de bain, et accès direct à la terrasse

- Une chambre à coucher

- Une salle de bain supplémentaire

- Une cuisine moderne

Profitez d’une localisation exceptionnelle à seulement 2 minutes des axes majeurs : Boulevard Ghandi, Route d’El Jadida et Avenue Abderrahim Bouabid. À proximité, de nombreux commerces, transports et espaces culturels, pour un cadre de vie idéal.

- Prix à partir de 1 610 000 DH pour les biens restants
- Livraison : Décembre 2025

Contactez-nous dès maintenant pour plus d’informations ou pour organiser une visite !",Appartement à vendre   Casablanca  - Riviera,2,2,71,1,3,1,1,Appartement,Casablanca,Riviera
1794000,"Terrafino by One Foncière - Résidence de Prestige à Casablanca

Venez découvrir cet appartement en rez-de-chaussée, idéalement situé dans la résidence Terrafino au cœur du quartier prisé de l'Oasis. Ce bien propose une superficie de 65 m², avec une terrasse de 14 m² et un parking de 12 m², pour une surface vendable de 78 m².

L'appartement se compose de :

- Un séjour lumineux et spacieux, donnant sur la terrasse

- Une suite parentale avec dressing, salle de bain et accès direct à la terrasse

- Une chambre supplémentaire également avec accès terrasse

- Une salle de bain séparée

- Une cuisine entièrement équipée pour un confort optimal

La résidence est idéalement située à proximité de grands axes tels que le Boulevard Ghandi, la Route d’El Jadida et l'Avenue Abderrahim Bouabid, offrant un accès rapide aux commerces, transports et équipements culturels.

- Prix à partir de 1 610 000 DH pour les biens restants
- Livraison prévue : Décembre 2025

Contactez-nous dès aujourd'hui pour plus d'informations ou pour organiser une visite !",Appartement à vendre   Casablanca  - Riviera,2,2,78,1,3,1,1,Appartement,Casablanca,Riviera
677026,"(PHOTOS DE L'APPARTEMENT TÉMOIN)

Appartements Neufs à Vendre - Résidence Amlak Al Azhar à Casablanca

Située dans le quartier prisé de Farah Salam - Oulfa, la résidence Amlak Al Azhar propose des appartements modernes de 2 et 3 chambres avec des prestations de qualité et une livraison immédiate. Conçue pour offrir un cadre de vie agréable et sécurisé, cette résidence répond aux attentes des familles et des investisseurs.

Caractéristiques des appartements

- Superficies variées :

2 chambres : entre 65 et 78 m²
3 chambres : de 80 à 90 m²

- Espaces extérieurs : balcon, terrasse ou jardin selon le lot

- Cuisine équipée avec four, plaque et hotte

- Revêtement en marbre pour un intérieur élégant

- Résidence sécurisée avec surveillance 24h/24

- Aires de jeux et espaces verts pour un cadre de vie agréable

Prix des appartements

- 2 chambres : à partir de 620 000 DH

- 3 chambres : à partir de 690 000 DH

Un emplacement stratégique

Amlak Al Azhar bénéficie d’un emplacement idéal, à proximité immédiate des commerces, écoles, cafés, mosquées et axes de transport, offrant ainsi un quotidien pratique et confortable.

Contactez-nous dès maintenant pour plus d’informations ou pour organiser une visite.",Appartement à vendre   Casablanca  - Farah Essalam,2,2,83,1,5,1,1,Appartement,Casablanca,Farah Essalam
888000,"Résidence Studios Horizon Marrakech – Investissez au cœur de Guéliz avec des prestations haut de gamme

Située dans le quartier central de Guéliz, la Résidence Studios Horizon propose des studios et duplex modernes, allant de 31 m² à 97 m². Un projet idéal pour les investisseurs ou les particuliers en quête de confort et de rentabilité dans l’un des quartiers les plus dynamiques de Marrakech.

Prix : de 23.000 à 25.000 DH/m²
Livraison : fin 2026
Parking en sous-sol (optionnel) : environ 100.000 DH non inclus dans le prix affiché

Prestations haut de gamme :

- Peinture satinée écologique, sans odeur
- Parquet allemand dans les chambres
- Carrelage espagnol grand format (1,20 x 0,60 m et 0,60 x 0,60 m)
- Cuisine entièrement équipée : hotte, four, plaque de cuisson, réfrigérateur, lave-linge, chauffe-eau électrique
- Menuiserie aluminium coulissante série 400, double vitrage gris anthracite
- Rideaux électriques
- Porte d’entrée blindée pour une sécurité optimale
- Vidéosurveillance et gardiennage 24h/24

À proximité immédiate :

- Jardin Majorelle
- Mosquée Koutoubia
- Place Jamaâ El Fna
- Médina historique
- Centres commerciaux M Avenue et Carré Eden
- Restaurants, cafés, et enseignes internationales

Un projet pensé pour offrir confort, sécurité et rentabilité, au cœur d’un quartier recherché avec un fort potentiel locatif.

Contactez-nous pour plus d’informations ou pour planifier une visite.",Studio à vendre   Marrakech  - Guéliz,1,1,37,1,5,0,1,Studio,Marrakech,Guéliz
950000,"Luxe Housing – Studios d’exception à Bourgogne, Casablanca

Située au cœur du quartier prisé de Bourgogne, la résidence Luxe Housing vous ouvre ses portes et vous propose une sélection exclusive de 28 studios haut standing, conçus pour offrir un cadre de vie alliant confort, modernité et raffinement.

Des surfaces pensées pour s’adapter à tous les besoins, allant de 32 m² à 83 m², avec des prix à partir de 900.000 DH.

Des prestations à la hauteur de vos exigences :

- Matériaux et finitions haut de gamme
- Cuisine équipée : plaque de cuisson, hotte, four, réfrigérateur
- Climatisation centralisée
- Balcon ou terrasse pour certains lots
- Ascenseur et place de parking attribuée
- Sécurité assurée 24h/24

Un emplacement stratégique, à quelques pas de tout ce qui compte :

- Supermarchés (Carrefour Market, Marjane Market)
- Établissements scolaires de renom (École Léon l’Africain…)
- Commerces, banques, cafés, restaurants, pharmacies
- Transports en commun facilement accessibles
- Espaces sportifs à proximité
- à quelques minutes de la plage

Un studio idéal vous y attend peut-être déjà. Contactez nous pour plus d'informations ou pour organiser une visite.",Studio à vendre   Casablanca  - Bourgogne Ouest,1,1,34,1,2,0,0,Studio,Casablanca,Bourgogne Ouest
1350000,"Studios haut standing à vendre – Résidence Luxe Housing, Bourgogne – Casablanca

La résidence Luxe Housing propose 28 studios de standing au cœur du quartier Bourgogne, un emplacement recherché offrant un cadre de vie pratique et agréable.

- Superficies disponibles : de 32 m² à 83 m²
- Prix à partir de 900.000 DH

Prestations :

- Finitions de qualité
- Cuisine entièrement équipée : plaque, hotte, four, réfrigérateur
- Climatisation centrale
- Terrasses et balcons dans certains studios
- Ascenseur
- Places de parking attribuées au sous-sol
- Résidence sécurisée 24h/24

Commodités et services à proximité :

- Carrefour Market et Marjane Market à quelques minutes à pied.
- Écoles réputées telles que l'école Léon l'Africain à proximité immédiate.
- Clubs de sport.
- Facilité d'accès aux transports en commun.
- Banques, pharmacies, cafés et restaurants à proximité.

Pour toute information complémentaire ou prise de rendez-vous, merci de me contacter directement.",Studio à vendre   Casablanca  - Bourgogne Ouest,1,1,50,1,1,0,0,Studio,Casablanca,Bourgogne Ouest
1056000,"Résidence Studios Horizon – Investissez au cœur de Guéliz avec des prestations haut de gamme

En plein centre de Marrakech, dans le quartier vivant et recherché de Guéliz, la Résidence Studios Horizon vous propose des studios et duplex modernes, allant de 31 m² à 97 m².
Un projet idéal, aussi bien pour un investissement locatif que pour une résidence principale confortable et bien située.

Prix : de 23.000 à 25.000 DH/m²
Livraison : fin 2026
Parking en sous-sol (optionnel) : environ 100.000 DH (non inclus dans le prix affiché)

Prestations haut de gamme :

- Peinture satinée écologique, sans odeur
- Parquet allemand dans les chambres
- Carrelage espagnol grand format (1,20 x 0,60 m et 0,60 x 0,60 m)
- Cuisine entièrement équipée : hotte, four, plaque, réfrigérateur, lave-linge, chauffe-eau
- Menuiserie aluminium coulissante série 400, double vitrage gris anthracite
- Rideaux électriques
- Porte d’entrée blindée
- Vidéosurveillance et gardiennage 24h/24

À proximité immédiate :

- Jardin Majorelle
- Mosquée Koutoubia
- Place Jamaâ El Fna
- Médina historique
- Centres commerciaux M Avenue et Carré Eden
- Restaurants, cafés, enseignes internationales

Un projet pensé pour ceux qui recherchent confort, sécurité et rentabilité dans un emplacement premium.

Pour plus d’informations ou pour programmer une visite, contactez-nous.",Studio à vendre   Marrakech  - Guéliz,1,1,44,1,3,0,1,Studio,Marrakech,Guéliz
940000,"Découvrez ce projet immobilier moderne situé dans le quartier dynamique de Ziaten à Tanger. Cette résidence sécurisée avec piscine propose des appartements spacieux, lumineux et bien agencés, pensés pour le confort des familles et la rentabilité des investisseurs.

Ce que propose la résidence :

- Résidence fermée et sécurisée
- Piscine collective & ascenseurs
- 9 immeubles modernes en R+6 avec retrait
- Finitions haut de gamme
- Deux niveaux de sous-sol
- Espaces verts aménagés et vues dégagées
- Localisation stratégique, proche de toutes les commodités et axes principaux de Tanger.

Disponibilités par tranche :

Tranche 1 – Livraison dans 6 mois
• 58m² avec vue piscine
• 69m², 72m², 75m², 76m² avec vue extérieure
13 500 DH/m²

Tranche 2 – Livraison dans 1 an
• 65m² et 70m² avec vue piscine
14 000 DH/m²

Tranche 3 – Livraison dans 2 ans
• Appartements de 60m² à 150m²
Prix sur demande

Ne ratez pas cette opportunité !

Contactez-nous dès maintenant pour plus d’informations ou pour planifier une visite.",Appartement à vendre   Tanger  - Almoustakbal,2,1,65,1,5,0,0,Appartement,Tanger,Almoustakbal
1460000,"Studios Haut Standing à Casablanca Les Princesses

Découvrez Terre de Lys, un projet résidentiel unique situé au cœur du quartier prisé Les Princesses à Casablanca. Offrez-vous un cadre de vie élégant, moderne et parfaitement pensé pour le confort au quotidien.

Studios haut standing de 32 à 62 m², idéalement conçus pour les jeunes actifs, les investisseurs ou pour une première acquisition.

Finitions premium : marbre importé, cuisine allemande entièrement équipée, climatisation gainable…

Services exclusifs : Box d’hiver, laverie, conciergerie 24h/24, prestations hôtelières.

Locaux commerciaux disponibles : de 63 à 122 m², parfaits pour entrepreneurs et investisseurs.

Emplacement stratégique : proximité immédiate des commerces, transports et commodités.

Investissement rentable et cadre de vie sécurisé au sein d’une résidence éco-conçue signée Olila Foncière.",Studio à vendre   Casablanca  - Les princesses,1,1,58,1,1,1,0,Studio,Casablanca,Les princesses
